V1,V2,Population2020,Population2019,Growth_rate
1,tokyo,37393129,37435191,-0.11
2,delhi,30290936,29399141,3.03
3,shanghai,27058479,26317104,2.82
4,sao paulo,22043028,21846507,0.9
5,mexico city,21782378,21671908,0.51
6,dhaka,21005860,20283552,3.56
7,cairo,20900604,20484965,2.03
8,beijing,20462610,20035455,2.13
9,mumbai,20411274,20185064,1.12
10,osaka,19165340,19222665,-0.3
11,karachi,16093786,15741406,2.24
12,chongqing,15872179,15354067,3.37
13,istanbul,15190336,14967667,1.49
14,buenos aires,15153729,15057273,0.64
15,kolkata,14850066,14755186,0.64
16,lagos,14368332,13903620,3.34
17,kinshasa,14342439,13743278,4.36
18,manila,13923452,13698889,1.64
19,tianjin,13589078,13396402,1.44
20,rio de janeiro,13458075,13374275,0.63
21,guangzhou,13301532,12967862,2.57
22,lahore,12642423,12188196,3.73
23,moscow,12537954,12476171,0.5
24,shenzhen,12356820,12128721,1.88
25,bangalore,12326532,11882666,3.74
26,paris,11017230,10958187,0.54
27,bogota,10978360,10779376,1.85
28,chennai,10971108,10711243,2.43
29,jakarta,10770487,10638689,1.24
30,lima,10719188,10554712,1.56
31,bangkok,10539415,10350204,1.83
32,hyderabad,10004144,9741397,2.7
33,seoul,9963452,9962393,0.01
34,nagoya,9552132,9532059,0.21
35,london,9304016,9176530,1.39
36,chengdu,9135768,8971839,1.83
37,tehran,9134708,9013663,1.34
38,new york,8622357,8580015,0.25
39,wuhan,8364977,8266273,1.19
40,luanda,8329798,8044735,3.54
41,ahmedabad,8059441,7868633,2.42
42,xian,8000965,7722254,3.61
43,kuala lumpur,7996830,7780301,2.78
44,hangzhou,7642147,7437993,2.74
45,hong kong,7547652,7490776,0.76
46,dongguan,7407852,7378500,0.4
47,foshan,7326852,7257143,0.96
48,riyadh,7231447,7070665,2.27
49,shenyang,7220104,7069012,2.14
50,surat,7184590,6873756,4.52
51,baghdad,7144260,6974439,2.43
52,suzhou jiangsu,7069992,6703499,5.47
53,santiago,6767223,6723516,0.65
54,dar es salaam,6701650,6368272,5.23
55,pune,6629347,6451618,2.75
56,madrid,6617513,6559041,0.89
57,harbin,6387195,6249824,2.2
58,toronto,6196731,6139404,0.93
59,belo horizonte,6084430,6028319,0.93
60,singapore,5935053,5868104,1.14
61,khartoum,5828858,5677921,2.66
62,johannesburg,5782747,5635127,2.62
63,qingdao,5619977,5499117,2.2
64,dalian,5617849,5458521,2.92
65,barcelona,5585556,5541127,0.8
66,fukuoka,5528632,5540084,-0.21
67,st petersburg,5467808,5426959,0.75
68,jinan,5360185,5205402,2.97
69,yangon,5331800,5243989,1.67
70,zhengzhou,5322696,5131377,3.73
71,alexandria,5280664,5182450,1.9
72,abidjan,5202762,5058550,2.85
73,guadalajara,5179479,5100527,1.55
74,ankara,5117603,5017996,1.98
75,chittagong,5019824,4914633,2.14
76,melbourne,4967733,4870388,2
77,sydney,4925987,4859432,1.37
78,monterrey,4874095,4792864,1.69
79,nairobi,4734881,4556381,3.92
80,brasilia,4645843,4558991,1.91
81,cape town,4617560,4524111,2.07
82,jiddah,4610176,4522216,1.95
83,changsha,4577723,4460622,2.63
84,kunming,4443186,4335924,2.47
85,changchun,4425761,4332263,2.16
86,xinbei,4398383,4361480,0.85
87,urumqi,4368865,4189926,4.27
88,shantou,4327316,4249233,1.84
89,rome,4257056,4234019,0.54
90,hefei,4241514,4110366,3.19
91,montreal,4220566,4195523,0.6
92,tel aviv,4181479,4096962,2.06
93,porto alegre,4137417,4115354,0.54
94,recife,4127091,4077746,1.21
95,ningbo,4116209,3965588,3.8
96,shijiazhuang,4114393,4031021,2.07
97,los angeles,4085014,4030668,0.67
98,fortaleza,4073465,4025753,1.19
99,medellin,4000263,3966906,0.84
100,kano,3999050,3905598,2.39
101,yaounde,3992411,3822425,4.45
102,jaipur,3909333,3812262,2.55
103,ekurhuleni,3894262,3817938,2
104,taiyuan shanxi,3891127,3807407,2.2
105,nanning,3859608,3743602,3.1
106,san salvador,3839076,3796634,1.12
107,casablanca,3752357,3716093,0.98
108,xiamen,3720141,3651537,1.88
109,fuzhou fujian,3685701,3608056,2.15
110,lucknow,3676515,3589795,2.42
111,douala,3663227,3536119,3.59
112,changzhou,3625328,3498645,3.62
113,wenzhou,3623646,3521172,2.91
114,nanchang,3598421,3485364,3.24
115,berlin,3562038,3556792,0.15
116,kozhikode,3555411,3364657,5.67
117,ibadan,3551961,3463855,2.54
118,busan,3465190,3465633,-0.01
119,faisalabad,3462295,3385342,2.27
120,tangshan hebei,3425638,3285328,4.27
121,bekasi,3394273,3276733,3.59
122,malappuram,3391277,3169457,7
123,antananarivo,3368585,3210386,4.93
124,kumasi,3348062,3205586,4.44
125,asuncion,3336562,3279160,1.75
126,santo domingo,3317784,3245021,2.24
127,guiyang,3317110,3226249,2.82
128,campinas,3300794,3255911,1.38
129,kampala,3298364,3137690,5.12
130,abuja,3277740,3095118,5.9
131,wuxi jiangsu,3256020,3198981,1.78
132,mashhad,3208336,3152482,1.77
133,puebla,3194848,3145456,1.57
134,athens,3153355,3154152,-0.03
135,dakar,3140442,3057065,2.73
136,milan,3140181,3136077,0.13
137,kanpur,3123990,3100285,0.76
138,kuwait city,3114553,3052493,2.03
139,kochi,3082055,2969638,3.79
140,lanzhou,3080522,3007613,2.42
141,thrissur,3068164,2920761,5.05
142,port harcourt,3020232,2873322,5.11
143,guayaquil,2994218,2946158,1.63
144,sanaa,2972988,2874373,3.43
145,lisbon,2956879,2942097,0.5
146,surabaya,2944403,2921630,0.78
147,guatemala city,2934841,2891230,1.51
148,shizuoka,2922320,2911784,0.36
149,zhongshan,2913974,2890965,0.8
150,dubai,2878344,2833079,1.6
151,incheon,2801039,2782612,0.66
152,coimbatore,2786600,2713233,2.7
153,cali,2781980,2754078,1.01
154,ouagadougou,2780331,2652720,4.81
155,lusaka,2774133,2646619,4.82
156,port au prince,2773553,2704187,2.57
157,algiers,2767661,2729325,1.4
158,manchester,2730076,2710074,0.74
159,depok,2727209,2615154,4.28
160,taiyuan,2721485,2713112,0.31
161,goiania,2690011,2628413,2.34
162,chicago,2670406,2687682,-0.32
163,sapporo,2669680,2667852,0.07
164,huaian,2655320,2537652,4.64
165,weifang,2653989,2560068,3.67
166,zibo,2639735,2596275,1.67
167,bamako,2617686,2529328,3.49
168,thiruvananthapuram,2584752,2476928,4.35
169,vancouver,2581079,2555884,0.99
170,bandung,2580191,2557561,0.88
171,pretoria,2565660,2472612,3.76
172,shaoxing,2540018,2444934,3.89
173,yantai,2526702,2442581,3.44
174,mbuji mayi,2525263,2412532,4.67
175,huizhou,2524543,2441944,3.38
176,tashkent,2517381,2490334,1.09
177,accra,2514005,2475208,1.57
178,lubumbashi,2478262,2377495,4.24
179,toluca de lerdo,2467241,2410875,2.34
180,san juan,2448417,2451375,-0.12
181,beirut,2424425,2406875,0.73
182,brisbane,2406182,2372335,1.43
183,damascus,2392045,2353637,1.63
184,bhopal,2389547,2333106,2.42
185,brazzaville,2388090,2308076,3.47
186,luoyang,2387094,2311242,3.28
187,houston,2378146,2340814,0.79
188,tunis,2365201,2327822,1.61
189,baku,2341443,2313138,1.22
190,tangerang,2338547,2279906,2.57
191,medan,2337958,2310522,1.19
192,belem,2334462,2307615,1.16
193,sendai,2327417,2317722,0.42
194,mogadishu,2282009,2179855,4.69
195,nantong,2275777,2199133,3.49
196,barranquilla,2272914,2245912,1.2
197,manaus,2260788,2216713,1.99
198,maracaibo,2257999,2218693,1.77
199,taoyuan,2245162,2217749,1.24
200,rawalpindi,2236905,2195560,1.88
201,gujranwala,2229220,2168960,2.78
202,agra,2210246,2159903,2.33
203,peshawar,2202946,2133382,3.26
204,daegu,2198962,2209367,-0.47
205,baotou,2190495,2142760,2.23
206,naples,2186853,2191906,-0.23
207,visakhapatnam,2174968,2124948,2.35
208,kannur,2166906,2107309,2.83
209,liuzhou,2165257,2103506,2.94
210,hohhot,2163394,2085969,3.71
211,amman,2148293,2108509,1.89
212,xuzhou,2145970,2099308,2.22
213,havana,2140423,2138419,0.09
214,tijuana,2140398,2099293,1.96
215,esfahan,2132037,2086356,2.19
216,hiroshima,2083223,2089157,-0.28
217,brussels,2080788,2065284,0.75
218,phnom penh,2077757,2014015,3.16
219,grande vitoria,2075857,2039962,1.76
220,nashik,2065728,2008598,2.84
221,mecca,2042106,2004888,1.86
222,perth,2041959,2016415,1.27
223,vijayawada,2039845,1975188,3.27
224,minsk,2028104,2016677,0.57
225,multan,2015091,1972432,2.16
226,yangzhou,1992773,1946377,2.38
227,bursa,1986268,1951161,1.8
228,baoding,1975790,1932104,2.26
229,conakry,1938272,1889233,2.6
230,linyi shandong,1936908,1889824,2.49
231,taizhou zhejiang,1934847,1876402,3.11
232,vienna,1929944,1915338,0.76
233,aleppo,1916781,1834093,4.51
234,putian,1907350,1809304,5.42
235,almaty,1895742,1862809,1.77
236,baixada santista,1892314,1872844,1.04
237,west yorkshire,1889095,1876395,0.68
238,haikou,1889071,1846864,2.29
239,rabat,1884802,1864851,1.07
240,rajkot,1878032,1822437,3.05
241,wuhu anhui,1870281,1777511,5.22
242,semarang,1866492,1832670,1.85
243,yancheng jiangsu,1864424,1821247,2.37
244,panama city,1860291,1821693,2.12
245,daqing,1859001,1810606,2.67
246,ludhiana,1856849,1830424,1.44
247,kollam,1851558,1760698,5.16
248,lome,1827878,1785310,2.38
249,davao city,1825450,1784942,2.27
250,leon de los aldamas,1825080,1801979,1.28
251,lianyungang,1820127,1761551,3.33
252,bucharest,1803247,1812290,-0.5
253,hamburg,1789954,1791120,-0.07
254,warsaw,1783251,1775933,0.41
255,adana,1770850,1749869,1.2
256,budapest,1768073,1763913,0.24
257,zhuhai,1759378,1715058,2.58
258,datong,1745333,1701797,2.56
259,phoenix,1743469,1679243,1.88
260,madurai,1734173,1704385,1.75
261,benin city,1727169,1676132,3.04
262,palembang,1722700,1693463,1.73
263,lyon,1719268,1704738,0.85
264,santa cruz,1712688,1676912,2.13
265,matola,1705886,1668740,2.23
266,gaziantep,1704118,1667798,2.18
267,meerut,1696440,1665859,1.84
268,quanzhou,1694076,1631153,3.86
269,jiangmen,1687310,1663153,1.45
270,sharjah,1684649,1628932,3.42
271,glasgow,1673332,1666632,0.4
272,varanasi,1664942,1639138,1.57
273,novosibirsk,1663748,1650185,0.82
274,xiangyang,1657726,1631785,1.59
275,shiraz,1651362,1627939,1.44
276,raipur,1642169,1581479,3.84
277,stockholm,1632798,1608037,1.54
278,mosul,1629932,1577979,3.29
279,anshan,1629166,1613590,0.97
280,can tho,1617602,1530519,5.69
281,la laguna,1614854,1553033,3.98
282,tabriz,1611133,1596171,0.94
283,cixi,1609221,1544524,4.19
284,marseille,1608236,1603434,0.3
285,auckland,1606564,1582028,1.55
286,jilin,1603332,1585383,1.13
287,jamshedpur,1599434,1570577,1.84
288,san antonio,1590402,1541456,1.56
289,srinagar,1585774,1549803,2.32
290,makassar,1583553,1556025,1.77
291,karaj,1580413,1581403,-0.06
292,philadelphia,1579504,1573688,0.18
293,yinchuan,1579049,1530944,3.14
294,daejon,1565656,1561931,0.24
295,qiqihaer,1559581,1536903,1.48
296,aurangabad,1558412,1517148,2.72
297,muscat,1549729,1501635,3.2
298,yichang,1548423,1490109,3.91
299,calgary,1547484,1512539,2.31
300,batam,1546064,1473274,4.94
301,xining,1539437,1495340,2.95
302,munich,1538302,1521417,1.11
303,gaoxiong,1537640,1534349,0.21
304,qinhuangdao,1535223,1483631,3.48
305,rosario,1532128,1510253,1.45
306,harare,1529920,1521311,0.57
307,hengyang,1527107,1479887,3.19
308,gwangju,1521506,1519448,0.14
309,monrovia,1517235,1467026,3.42
310,yekaterinburg,1503812,1493370,0.7
311,tiruppur,1496389,1432643,4.45
312,jining shandong,1494249,1471411,1.55
313,medina,1488782,1459468,2.01
314,grande sao luis,1485763,1472956,0.87
315,abu dhabi,1482816,1452057,2.12
316,jodhpur,1471900,1434312,2.62
317,san diego,1469490,1438060,1.08
318,edmonton,1461182,1429743,2.2
319,kananga,1458400,1395418,4.51
320,natal,1456844,1426562,2.12
321,jabalpur,1449787,1429683,1.41
322,tegucigalpa,1444085,1403162,2.92
323,suqian,1440060,1357818,6.06
324,ranchi,1439195,1404095,2.5
325,huainan,1437838,1414863,1.62
326,mandalay,1437554,1405821,2.26
327,zhangjiakou,1434649,1400504,2.44
328,asansol,1431260,1410410,1.48
329,kharkiv,1429004,1432345,-0.23
330,chaozhou,1428383,1408284,1.43
331,kathmandu,1423515,1376108,3.45
332,n djamena,1422547,1371524,3.72
333,onitsha,1414790,1348529,4.91
334,dallas,1400337,1359133,1.49
335,san jose,1399629,1378546,1.53
336,chon buri,1398645,1379856,1.36
337,belgrade,1397939,1393717,0.3
338,zurich,1395356,1383092,0.89
339,allahabad,1393723,1373594,1.47
340,ottawa,1393086,1378151,1.08
341,kota,1386877,1342600,3.3
342,gwalior,1378375,1347582,2.29
343,joao pessoa,1378249,1362689,1.14
344,amritsar,1377371,1355875,1.59
345,basra,1352210,1324763,2.07
346,taizhou jiangsu,1348056,1314590,2.55
347,copenhagen,1346485,1333888,0.94
348,queretaro,1339103,1313522,1.95
349,taian shandong,1338828,1314249,1.87
350,adelaide,1336403,1328119,0.62
351,homs,1335804,1314355,1.63
352,yiwu,1334356,1280711,4.19
353,bucaramanga,1331453,1313376,1.38
354,dhanbad,1331186,1316066,1.15
355,konya,1328136,1299368,2.21
356,maceio,1323039,1308693,1.1
357,taizhong,1320591,1302252,1.41
358,nouakchott,1314636,1258973,4.42
359,porto,1312947,1309805,0.24
360,suweon,1311321,1288887,1.74
361,samut prakan,1306937,1289380,1.36
362,prague,1305737,1298804,0.53
363,helsinki,1304851,1292232,0.98
364,weihai,1304315,1260012,3.52
365,cochabamba,1303907,1270649,2.62
366,joinville,1303141,1286622,1.28
367,ho chi minh city,1300088,1259429,3.23
368,mombasa,1295975,1253811,3.36
369,niamey,1291848,1251511,3.22
370,qom,1287937,1264584,1.85
371,zhanjiang,1286854,1258677,2.24
372,fushun liaoning,1285387,1285571,-0.01
373,ganzhou,1285039,1221386,5.21
374,sofia,1280968,1276937,0.32
375,zunyi,1280960,1248480,2.6
376,dongying,1276028,1240313,2.88
377,mianyang sichuan,1275851,1251619,1.94
378,kaifeng,1274287,1230265,3.58
379,kazan,1272063,1263412,0.68
380,rizhao,1270948,1228374,3.47
381,kisangani,1261310,1213000,3.98
382,jiaxing,1259844,1199747,5.01
383,nizhniy novgorod,1257754,1260885,-0.25
384,nanchong,1257726,1215280,3.49
385,bareilly,1255287,1225034,2.47
386,antalya,1253872,1219140,2.85
387,port elizabeth,1253742,1241941,0.95
388,ad dammam,1252523,1225235,2.23
389,ahvaz,1244250,1227916,1.33
390,shiyan,1241450,1201843,3.3
391,florianopolis,1239331,1218478,1.71
392,dublin,1228179,1214666,1.11
393,chelyabinsk,1227795,1222108,0.47
394,fes,1224080,1203655,1.7
395,san luis potosi,1216564,1197894,1.56
396,barquisimeto,1214362,1201421,1.08
397,pointe noire,1214281,1175513,3.3
398,yingkou,1214047,1175701,3.26
399,aligarh,1210554,1176576,2.89
400,mysore,1209836,1185469,2.06
401,durg bhilainagar,1207637,1191681,1.34
402,pekan baru,1204883,1171388,2.86
403,maoming,1204716,1170342,2.94
404,maracay,1203227,1190295,1.09
405,freetown,1201900,1168424,2.87
406,tanger,1197923,1156739,3.56
407,moradabad,1197000,1161757,3.03
408,liuan,1195907,1129312,5.9
409,tengzhou,1189963,1142079,4.19
410,zhuzhou,1186912,1165486,1.84
411,omsk,1182339,1183262,-0.08
412,zhenjiang jiangsu,1173816,1148451,2.21
413,mendoza,1172619,1153152,1.69
414,suzhou anhui,1169932,1119054,4.55
415,liuyang,1169044,1094294,6.83
416,ruian,1168983,1128967,3.54
417,chiang mai,1166978,1151301,1.36
418,astana,1165983,1117621,4.33
419,tripoli,1165085,1160918,0.36
420,chifeng,1164793,1134936,2.63
421,tiruchirappalli,1164668,1148865,1.38
422,baoji,1164665,1131222,2.96
423,samara,1163296,1166932,-0.31
424,bhubaneswar,1162886,1131484,2.78
425,puning,1160045,1127512,2.89
426,pingdingshan henan,1159981,1126438,2.98
427,bogor,1159719,1136981,2
428,benxi,1157413,1139256,1.59
429,amsterdam,1148972,1140339,0.76
430,chandigarh,1148472,1128743,1.75
431,haifa,1147431,1140844,0.58
432,jieyang,1146758,1097660,4.47
433,jinzhou,1145359,1122681,2.02
434,xiangtan hunan,1142976,1115751,2.44
435,nanyang henan,1142799,1115205,2.47
436,huaibei,1141734,1108939,2.96
437,krasnoyarsk,1137494,1124674,1.14
438,ufa,1136291,1132656,0.32
439,rostov on don,1136201,1135196,0.09
440,uyo,1135775,1072932,5.86
441,guilin,1134393,1114826,1.76
442,kigali,1132101,1094796,3.41
443,islamabad,1129198,1095064,3.12
444,da nang,1125316,1094576,2.81
445,jinhua,1122440,1073355,4.57
446,lilongwe,1121720,1074695,4.38
447,mexicali,1120872,1101419,1.77
448,mwanza,1120430,1060743,5.63
449,cologne,1118789,1107731,1
450,guwahati,1116740,1099613,1.56
451,hubli dharwad,1116728,1097545,1.75
452,kaduna,1113210,1096706,1.5
453,maputo,1110477,1104314,0.56
454,aguascalientes,1106453,1088041,1.69
455,salem,1102463,1081911,1.9
456,quetta,1099546,1070245,2.74
457,bandar lampung,1091512,1068768,2.13
458,zaozhuang,1087745,1074933,1.19
459,binzhou,1083867,1042112,4.01
460,yongin,1083345,1061544,2.05
461,aba,1081466,1051017,2.9
462,xinxiang,1081031,1062361,1.76
463,bukavu,1078002,1024513,5.22
464,tbilisi,1077833,1077346,0.05
465,liupanshui,1077317,1021347,5.48
466,cuernavaca,1075022,1059092,1.5
467,perm,1071419,1066952,0.42
468,goyang,1069196,1054325,1.41
469,voronezh,1067719,1062031,0.54
470,managua,1063698,1055472,0.78
471,pizhou,1063231,1010736,5.19
472,cartagena,1062622,1054694,0.75
473,yueqing,1060702,1021693,3.82
474,shimkent,1057936,1020604,3.66
475,tasikmalaya,1056485,999508,5.7
476,abomey calavi,1056440,991000,6.6
477,changwon,1055974,1057734,-0.17
478,chihuahua,1054766,1033378,2.07
479,saharanpur,1054102,1012993,4.06
480,jalandhar,1053670,1033756,1.93
481,panjin,1053125,1030951,2.15
482,nnewi,1050860,989343,6.22
483,oslo,1041377,1026758,1.42
484,luohe,1039941,982185,5.88
485,diyarbakir,1039492,1018977,2.01
486,bishkek,1038429,1017166,2.09
487,jingzhou hubei,1038296,1022741,1.52
488,wenling,1037164,1004015,3.3
489,san jose,1036242,1030796,0.26
490,fuyang,1036162,1006913,2.9
491,solapur,1031037,1021948,0.89
492,shangrao,1028518,1001805,2.67
493,kermanshah,1025740,1004561,2.11
494,toulouse,1024166,1010593,1.34
495,johor bahru,1023900,1003485,2.03
496,zhaoqing,1023777,996546,2.73
497,teresina,1021229,1011029,1.01
498,siliguri,1020303,983606,3.73
499,ma anshan,1019389,986525,3.33
500,austin,1018842,983366,1.77
501,mersin,1016019,997131,1.89
502,bien hoa,1013064,980581,3.31
503,bujumbura,1012996,954424,6.14
504,kirkuk,1012614,996040,1.66
505,samarinda,1010413,979359,3.17
506,rotterdam,1010026,1008667,0.13
507,yueyang,1009534,999033,1.05
508,aracaju,1009380,991254,1.83
509,odesa,1009289,1010293,-0.1
510,volgograd,1004688,1009238,-0.45
511,marrakech,1002709,988968,1.39
512,tampico,1001278,986228,1.53
513,bazhong,991820,924575,7.27
514,fuzhou jiangxi,989880,950130,4.18
515,hargeysa,988716,945908,4.53
516,huzhou,988351,960993,2.85
517,leshan,986923,951055,3.77
518,denpasar,986853,965359,2.23
519,dezhou,986192,952704,3.52
520,san miguel de tucuman,985656,971050,1.5
521,saltillo,983784,966802,1.76
522,valparaiso,983751,975179,0.88
523,aden,980455,950374,3.17
524,padang,980455,964358,1.67
525,cebu city,980070,967436,1.31
526,acapulco de juarez,979381,966958,1.28
527,kayseri,973506,960262,1.38
528,bobo dioulasso,972124,924370,5.17
529,xiongan,969535,892142,8.67
530,bordeaux,968993,957383,1.21
531,xuchang,968135,934073,3.65
532,songkhla,966597,953612,1.36
533,asmara,962985,928758,3.69
534,nonthaburi,962694,949762,1.36
535,chenzhou,959881,914372,4.98
536,warangal,959658,936510,2.47
537,dnipro,957345,963113,-0.6
538,krasnodar,957214,938135,2.03
539,khulna,953745,962845,-0.95
540,ilorin,949866,928632,2.29
541,jixi heilongjiang,949646,936975,1.35
542,morelia,948793,936074,1.36
543,sekondi takoradi,945519,900040,5.05
544,seongnam,943768,945746,-0.21
545,qujing,942342,907828,3.8
546,nice,942208,941800,0.04
547,changshu,938683,894600,4.93
548,ikorodu,937615,887220,5.68
549,xintai,936382,905520,3.41
550,jacksonville,934439,907529,1.46
551,fort worth,933881,893997,2.18
552,cucuta,933380,923047,1.12
553,blantyre limbe,932263,904758,3.04
554,jerusalem,931756,919407,1.34
555,pingxiang jiangxi,928895,904694,2.68
556,southampton,927916,919843,0.88
557,mudanjiang,925522,910032,1.7
558,agadir,923552,905649,1.98
559,arequipa,922999,911311,1.28
560,nyala,922532,878037,5.07
561,hamah,921502,906705,1.63
562,tshikapa,919192,869060,5.77
563,dehradun,918946,894925,2.68
564,veracruz,918529,907066,1.26
565,yichun jiangxi,918051,859349,6.83
566,ciudad guayana,917700,900874,1.87
567,zamboanga city,917477,905281,1.35
568,dushanbe,915712,893826,2.45
569,pathum thani,913741,901466,1.36
570,jiujiang,913212,889447,2.67
571,ulsan,910330,910162,0.02
572,laiwu,907839,880451,3.11
573,rajshahi,907732,893214,1.63
574,san francisco,906419,888653,0.99
575,donetsk,905530,911981,-0.71
576,charlotte,904675,873363,1.76
577,san pedro sula,902751,876445,3
578,bengbu,901773,889163,1.42
579,liverpool,901708,897218,0.5
580,columbus,900274,880182,1.13
581,oran,899182,889644,1.07
582,reynosa,899084,880902,2.06
583,villahermosa,898461,883336,1.71
584,west rand,897609,886343,1.27
585,campo grande,896864,886361,1.18
586,jos,895288,875746,2.23
587,bergamo,892089,883295,1
588,zhucheng,891494,855579,4.2
589,guigang,891173,864577,3.08
590,guiping,891158,843956,5.59
591,yangjiang,890013,867562,2.59
592,bangui,889231,869599,2.26
593,malang,886620,878589,0.91
594,londrina,885516,871682,1.59
595,la plata,884054,873918,1.16
596,misratah,881319,841267,4.76
597,antipolo,881018,859070,2.55
598,concepcion,880722,869186,1.33
599,chengde,880494,839566,4.87
600,dandong,877258,865354,1.38
601,najaf,873744,846750,3.19
602,owerri,872604,838554,4.06
603,zhangzhou,871690,841966,3.53
604,tianmen,869837,840064,3.54
605,hermosillo,867885,851738,1.9
606,indianapolis,866640,860902,0.33
607,trujillo,864633,851312,1.56
608,bhiwandi,859435,845711,1.62
609,linfen,858103,824417,4.09
610,xinyu,857567,823491,4.14
611,deyang,857306,828305,3.5
612,hengshui,856705,820969,4.35
613,warri,855941,814063,5.14
614,liaoyang,855663,841780,1.65
615,guntur,854488,833782,2.48
616,soshanguve,853347,840932,1.48
617,sylhet,851808,813538,4.7
618,palermo,851146,852454,-0.15
619,leiyang,851071,804564,5.78
620,tainan,849996,843219,0.8
621,nampula,848096,810633,4.62
622,tuxtla gutierrez,847924,830603,2.09
623,erbil,846374,833237,1.58
624,changzhi,846365,824378,2.67
625,ashgabat,846255,828065,2.2
626,taiz,845154,815303,3.66
627,bahawalpur,844673,820047,3
628,jiangyin,843292,810972,3.99
629,tyumen,843196,817265,3.17
630,saratov,842680,844777,-0.25
631,birmingham,842065,835352,0.8
632,fuxin,839189,828643,1.27
633,culiacan,839054,821781,2.1
634,hufuf mubarraz,836727,825074,1.41
635,puducherry,836003,815939,2.46
636,libreville,834204,823870,1.25
637,valencia,833724,831815,0.23
638,bucheon,832093,835259,-0.38
639,xingtai,831175,812888,2.25
640,changde,830010,806331,2.94
641,huangshi,828324,812772,1.91
642,lubango,828248,786713,5.28
643,shangqiu,826598,802826,2.96
644,quebec city,826109,820752,0.65
645,banghazi,823974,811293,1.56
646,luzhou,822996,813315,1.19
647,baishan,821967,783588,4.9
648,firozabad,821043,796264,3.11
649,winnipeg,816593,808419,1.01
650,yibin,814166,797639,2.07
651,ipoh,813553,799785,1.72
652,liling,812975,767636,5.91
653,thessaloniki,812166,811435,0.09
654,newcastle upon tyne,809481,805364,0.51
655,bologna,805986,802849,0.39
656,niigata,804298,806723,-0.3
657,xinyang,797369,777817,2.51
658,heze,795246,786745,1.08
659,yangquan,794262,774880,2.5
660,barcelona puerto la cruz,793641,782636,1.41
661,orumiyeh,793044,777790,1.96
662,xinghua,791297,766483,3.24
663,seattle,787740,746046,2.72
664,nottingham,787610,781151,0.83
665,maiduguri,786485,772394,1.82
666,sorocaba,785997,776054,1.28
667,izmir,783669,765242,2.41
668,haicheng,783484,772266,1.45
669,xiaogan,783483,760482,3.02
670,yongzhou,781940,753931,3.72
671,cabinda,777697,736984,5.52
672,zhuji,777536,758115,2.56
673,frankfurt,777156,768616,1.11
674,xalapa,775620,764044,1.52
675,huludao,775322,760634,1.93
676,bogra,775034,729609,6.23
677,vereeniging,774031,769425,0.6
678,nakhon ratchasima,774022,764883,1.19
679,umuahia,773822,731563,5.78
680,enugu,772872,752323,2.73
681,bikaner,771878,757726,1.87
682,jiaozuo,766770,758858,1.04
683,hamilton,766688,762808,0.51
684,tianshui,765372,739871,3.45
685,cherthala,764135,726232,5.22
686,kuerle,761329,719603,5.8
687,shaoguan,761249,756232,0.66
688,liaocheng,760885,743338,2.36
689,ansan,760764,758858,0.25
690,gorakhpur,758214,751024,0.96
691,quzhou,757655,716061,5.81
692,cagayan de oro city,753138,736874,2.21
693,amravati,752189,740529,1.57
694,huaihua,751803,718467,4.64
695,nellore,751034,729107,3.01
696,taixing,747588,725320,3.07
697,dasmarinas,747208,728707,2.54
698,denver,745172,719116,1.78
699,gebze,744674,718680,3.62
700,kumamoto,742612,743559,-0.13
701,bozhou,742150,710320,4.48
702,cuttack,742011,733202,1.2
703,langfang,739632,715581,3.36
704,sulaimaniya,739182,720411,2.61
705,ar rayyan,737903,715997,3.06
706,kunshan,737654,705508,4.56
707,zigong,737291,728743,1.17
708,bur sa'id,737000,723998,1.8
709,zaporizhzhya,736167,740538,-0.59
710,qingyuan,734856,725803,1.25
711,jincheng,733879,703498,4.32
712,banjarmasin,732005,720307,1.62
713,zaragoza,730828,727371,0.48
714,sheffield,730158,725062,0.7
715,zarqa,729220,719720,1.32
716,anqing,726950,709177,2.51
717,zaria,726172,719012,1
718,belgaum,724747,712055,1.78
719,okayama,724696,724948,-0.03
720,washington,724342,702756,1.51
721,lviv,723758,725202,-0.2
722,meishan,723267,697042,3.76
723,sao jose dos campos,721795,711673,1.42
724,danyang,718649,693349,3.65
725,cheongju,717027,713273,0.53
726,muzaffarnagar,716748,690953,3.73
727,gaomi,716261,686786,4.29
728,zhumadian,716002,683882,4.7
729,jiamusi,715965,705995,1.41
730,malegaon,715605,700095,2.22
731,hanchuan,715218,686163,4.23
732,benguela,715130,686121,4.23
733,xianyang shaanxi,715007,707306,1.09
734,ribeirao preto,714111,703710,1.48
735,oshogbo,713677,698844,2.12
736,gaza,713621,693323,2.93
737,shaoyang,713559,697769,2.26
738,mangalore,713357,703413,1.41
739,rasht,712715,703698,1.28
740,linhai,708981,685239,3.46
741,buffalo city,708559,700466,1.16
742,florence,708357,707728,0.09
743,panzhihua,707134,698149,1.29
744,erduosi ordoss,706657,682677,3.51
745,sialkot,705121,690447,2.13
746,zanzibar,705078,676814,4.18
747,oaxaca de juarez,704559,694297,1.48
748,seville,703790,705325,-0.22
749,tongliao,702280,683849,2.7
750,jammu,702085,696856,0.75
751,boston,701984,687584,1.04
752,el paso,701120,692100,0.65
753,bhavnagar,700367,689884,1.52
754,tolyatti,700252,704137,-0.55
755,sargodha,700095,688086,1.75
756,suining sichuan,699679,682654,2.49
757,gold coast,699226,687460,1.71
758,the hague,697564,691389,0.89
759,tongling,696639,677201,2.87
760,wuzhou,696630,677691,2.79
761,kottayam,696061,652053,6.75
762,yulin shaanxi,695614,685262,1.51
763,yanji,695165,673380,3.24
764,kayamkulam,694892,662470,4.89
765,maturin,694716,670377,3.63
766,lokoja,692050,643407,7.56
767,longyan,691987,680986,1.62
768,cotonou,691949,687732,0.61
769,nanded waghala,689771,674189,2.31
770,taif,688693,682959,0.84
771,uberlandia,686896,677984,1.31
772,bacoor,686398,668419,2.69
773,bristol,686210,678612,1.12
774,kitwe,685908,663455,3.38
775,nashville davidson,685628,673008,0.93
776,zagreb,684878,685233,-0.05
777,salta,684751,672335,1.85
778,padova,683604,679147,0.66
779,vientiane,682542,673061,1.41
780,dazhou,682342,658956,3.55
781,anqiu,682299,642202,6.24
782,balikpapan,682065,668550,2.02
783,celaya,680971,672501,1.26
784,cheonan,679802,670256,1.42
785,genoa,679613,682507,-0.42
786,tirupati,679456,653940,3.9
787,bunia,679418,636625,6.72
788,yuyao,678841,662003,2.54
789,yan an,678619,646393,4.99
790,jundiai,678521,668381,1.52
791,nantes,677766,669843,1.18
792,liege,677589,675403,0.32
793,dongtai,676996,655472,3.28
794,portland,676831,658347,1.38
795,lodz,676830,682458,-0.82
796,durgapur,675384,664915,1.57
797,yuncheng,675082,646283,4.46
798,las vegas,674768,653840,1.58
799,dengzhou,673626,642552,4.84
800,gulbarga,673027,658535,2.2
801,huambo,671413,656977,2.2
802,oklahoma city,669363,653865,1.17
803,al hudaydah,668899,649129,3.05
804,buraydah,668775,652396,2.51
805,ezhou,668405,661038,1.11
806,pontianak,667910,655595,1.88
807,merca,666370,637357,4.55
808,mar del plata,665707,659410,0.95
809,akure,665524,641733,3.71
810,kurnool,665186,644449,3.22
811,malanje,665150,626862,6.11
812,jeonju,663145,662870,0.04
813,yuxi,662863,631110,5.03
814,detroit,658631,665713,-0.53
815,tabuk,657277,647410,1.52
816,zhangjiagang,656036,627897,4.48
817,lattakia,655714,645186,1.63
818,amara,655663,631442,3.84
819,taicang,654441,628692,4.1
820,busto arsizio,654258,650530,0.57
821,general santos city,652723,640361,1.93
822,macao,651875,642090,1.52
823,izhevsk,651338,651079,0.04
824,zhoukou,650060,628346,3.46
825,ibb,648889,607531,6.81
826,zhoushan,647419,635411,1.89
827,neijiang,645874,638674,1.13
828,memphis,645769,649243,-0.27
829,denizli,644782,628432,2.6
830,jamnagar,644738,639662,0.79
831,qinzhou,644359,626663,2.82
832,jhansi,642709,632166,1.67
833,samsun,642592,623644,3.04
834,chongjin,642447,639743,0.42
835,tamale,641911,611806,4.92
836,wroclaw,641401,640585,0.13
837,doha,641380,637347,0.63
838,sokoto,641249,621694,3.15
839,renqiu,640271,615759,3.98
840,barnaul,639783,639126,0.1
841,loudi,639167,614015,4.1
842,hegang,638855,633811,0.8
843,irkutsk,638843,635870,0.47
844,as suways,638229,627455,1.72
845,bulawayo,638188,638467,-0.04
846,bijie,637795,612321,4.16
847,be'er sheva,637539,631052,1.03
848,chiclayo,637255,629260,1.27
849,venice,637245,636244,0.16
850,ankang,636293,605136,5.15
851,erode,634977,622398,2.02
852,manama,634508,600433,5.68
853,goma,634197,599208,5.84
854,bokaro steel city,633551,625824,1.23
855,pachuca de soto,633453,620630,2.07
856,khabarovsk,633151,629682,0.55
857,stuttgart,632692,631453,0.2
858,puyang,632347,610020,3.66
859,dusseldorf,631942,628459,0.55
860,longhai,631203,606799,4.02
861,durango,630982,619119,1.92
862,riga,630692,633820,-0.49
863,belfast,630632,626760,0.62
864,wuhai,630295,615806,2.35
865,safaqis,630175,624146,0.97
866,verona,629658,625890,0.6
867,tongxiang,629527,602260,4.53
868,jambi,626192,615859,1.68
869,haimen,626067,606263,3.27
870,hezhou,625304,595675,4.97
871,sanya,625290,605586,3.25
872,ulyanovsk,624896,625837,-0.15
873,raurkela,622636,614790,1.28
874,bari,622377,622287,0.01
875,louisville/jefferson county balance,622313,619287,0.24
876,seregno,619871,614571,0.86
877,kolhapur,619358,612880,1.06
878,kryvyi rih,618706,623894,-0.83
879,nasiriyah,616994,600113,2.81
880,yulin guangxi,613668,605882,1.29
881,ajmer,613617,606616,1.15
882,bacolod,613437,602459,1.82
883,yaroslavl,612365,612247,0.02
884,kuching,611566,602427,1.52
885,al ain,610887,598368,2.09
886,zahedan,609873,603634,1.03
887,vladivostok,609754,609930,-0.03
888,san jose del monte,607692,600251,1.24
889,ujjain,607055,596869,1.71
890,brighton,606909,601574,0.89
891,bandar abbas,606633,585287,3.65
892,jubayl,605743,579260,4.57
893,herat,605575,575806,5.17
894,hanzhong,605327,592759,2.12
895,miluo,604159,568421,6.29
896,hillah,604149,594261,1.66
897,feira de santana,602128,593981,1.37
898,anshun,600121,580847,3.32
899,bilaspur,599812,583279,2.83
900,makhachkala,599792,598979,0.14
901,bissau,599714,578829,3.61
902,jinzhong,599611,581798,3.06
903,patiala,599186,581771,2.99
904,yichun heilongjiang,598465,605399,-1.15
905,bauchi,597679,575617,3.83
906,tlaxcala,596362,586129,1.75
907,tomsk,595642,590480,0.87
908,siping,594482,584669,1.68
909,nay pyi taw,593596,546487,8.62
910,sihui,591080,562577,5.07
911,leipzig,591052,585246,0.99
912,kagoshima,591042,593758,-0.46
913,kingston,590940,589849,0.18
914,sanliurfa,590522,584693,1
915,malaga,590032,588778,0.21
916,uvira,589731,557567,5.77
917,dortmund,589600,589457,0.02
918,comilla,588772,568563,3.55
919,cuiaba,588566,585825,0.47
920,xiantao,588540,583836,0.81
921,mathura,588334,573517,2.58
922,baltimore,587712,601188,-1.13
923,enshi,586667,553318,6.03
924,ibague,586187,581760,0.76
925,catania,585877,585825,0.01
926,shishi,585317,572218,2.29
927,fuqing,584631,571706,2.26
928,sangli,583629,575879,1.35
929,essen,582128,582777,-0.11
930,pereira,579620,579577,0.01
931,calabar,579273,554887,4.39
932,toulon,579095,577180,0.33
933,qitaihe,578992,570264,1.53
934,samarkand,578762,565832,2.29
935,daye,578374,563779,2.59
936,samut sakhon,578273,570504,1.36
937,cabimas,578222,567757,1.84
938,hamadan,577808,571287,1.14
939,milwaukee,577583,586315,-0.75
940,jingjiang,577513,555332,3.99
941,sanhe,576241,547190,5.31
942,djibouti,576157,568804,1.29
943,xinmi,575696,549770,4.72
944,imphal,575625,557632,3.23
945,juiz de fora,575481,569996,0.96
946,agartala,575073,554700,3.67
947,tonghua,572967,562008,1.95
948,abakaliki,572028,543058,5.33
949,bouake,571876,564745,1.26
950,udon thani,570115,563600,1.16
951,beira,569911,556499,2.41
952,udaipur,569224,558710,1.88
953,vellore,569048,559693,1.67
954,orenburg,568812,568599,0.04
955,anyang,567945,571888,-0.69
956,ardabil,567912,557544,1.86
957,likasi,567839,551540,2.96
958,bloemfontein,567029,556450,1.9
959,albuquerque,566593,562935,0.32
960,dongyang,566083,553572,2.26
961,mbeya,566065,540637,4.7
962,hebi,565986,555886,1.82
963,kemerovo,565759,564347,0.25
964,tirunelveli,565735,558182,1.35
965,cenxi,565509,537757,5.16
966,yazd,565449,555793,1.74
967,bremen,565354,564270,0.19
968,gaya,565253,555350,1.78
969,poza rica de hidalgo,564578,558965,1
970,jalgaon,564540,552922,2.1
971,shuozhou,563456,542198,3.92
972,santa fe,562917,555753,1.29
973,matamoros,562755,554922,1.41
974,kitchener,562466,553973,1.53
975,zaoyang,562379,548745,2.48
976,sanmenxia,561369,543195,3.35
977,cangzhou,560962,553694,1.31
978,thoothukkudi,560930,543853,3.14
979,basel,559027,555469,0.64
980,yiyang hunan,558615,540947,3.27
981,oujda,558524,546962,2.11
982,gomel,557589,552354,0.95
983,irbid,556899,553576,0.6
984,al mansurah,555621,546574,1.66
985,karbala,555073,545987,1.66
986,meknes,553755,547396,1.16
987,weinan,553302,542115,2.06
988,leicester,552178,547352,0.88
989,jiaozhou,551500,534608,3.16
990,ogbomosho,551474,527194,4.61
991,feicheng,551319,542285,1.67
992,arak,551006,542824,1.51
993,novokuznetsk,550575,551987,-0.26
994,zhaodong,550240,527598,4.29
995,chiang rai,549966,542578,1.36
996,kota kinabalu,549586,536285,2.48
997,hamhung,548992,553224,-0.76
998,panipat,547952,536422,2.15
999,khamis mushayt,547724,539906,1.45
1000,kahramanmaras,546688,533434,2.48
1001,tongchuan,546649,537167,1.77
1002,tepic,545941,533572,2.32
1003,utrecht,544389,536473,1.48
1004,shouguang,544207,536303,1.47
1005,port of spain,544207,544259,-0.01
1006,villavicencio,544115,534290,1.84
1007,rajahmundry,543729,536298,1.39
1008,ndola,542495,531047,2.16
1009,kerman,541485,539893,0.29
1010,dengfeng,540789,509717,6.1
1011,ryazan,540317,540502,-0.03
1012,tucson,539766,535236,0.42
1013,sakarya,539445,524986,2.75
1014,guangyuan,539179,520905,3.51
1015,chaoyang,539052,531831,1.36
1016,rayong,538150,530921,1.36
1017,gaozhou,537329,512852,4.77
1018,hannover,536976,536498,0.09
1019,edinburgh,536775,530741,1.14
1020,fresno,536253,529153,0.67
1021,cuito,535407,501936,6.67
1022,astrakhan,534947,535191,-0.05
1023,naberezhnye tchelny,534726,534307,0.08
1024,sukkur,534486,524179,1.97
1025,larkana,534288,519899,2.77
1026,valledupar,533453,518190,2.95
1027,bamenda,533257,513820,3.78
1028,basilan city,533135,517687,2.98
1029,abeokuta,532856,523653,1.76
1030,mazar e sharif,532689,501665,6.18
1031,poznan,531030,533731,-0.51
1032,namangan,528763,521090,1.47
1033,imus,527779,501303,5.28
1034,grenoble,527720,524853,0.55
1035,haining,527655,512822,2.89
1036,santa marta,527326,520650,1.28
1037,surakarta,527279,523581,0.71
1038,pietermaritzburg,526912,521419,1.05
1039,yongkang,526069,508796,3.39
1040,pingdu,525093,514025,2.15
1041,taishan,524937,510086,2.91
1042,calamba,524577,509898,2.88
1043,mekele,523914,505485,3.65
1044,heyuan,523818,515422,1.63
1045,ar rusayfah,523543,520419,0.6
1046,penza,523092,524131,-0.2
1047,utsunomiya,522100,522331,-0.04
1048,chuzhou,522062,507265,2.92
1049,vale do aco,521744,517889,0.74
1050,al raqqa,521537,513163,1.63
1051,bellary,520926,508535,2.44
1052,longkou,520568,505504,2.98
1053,qingzhou,520371,504795,3.09
1054,sacramento,519362,507298,1.18
1055,kalasin,517635,510681,1.36
1056,al mahallah al kubra,517549,511770,1.13
1057,sheikhupura,517342,504174,2.61
1058,cuautla morelos,516755,508021,1.72
1059,puerto vallarta,515909,501280,2.92
1060,duisburg,515076,510611,0.87
1061,balashikha,514662,497762,3.4
1062,dali,514610,497598,3.42
1063,shizuishan,514455,501894,2.5
1064,kakinada,514227,506331,1.56
1065,ambon,513457,492880,4.17
1066,diwaniyah,513369,493968,3.93
1067,songyuan,513231,507408,1.15
1068,kirov,513003,510777,0.44
1069,nurenberg,511941,512022,-0.02
1070,davanagere,511843,503318,1.69
1071,qianjiang,511738,503238,1.69
1072,gongyi,511410,494683,3.38
1073,van,511391,494442,3.43
1074,shangyu,510813,497234,2.73
1075,atlanta,510730,491626,1.91
1076,uige,510631,475198,7.46
1077,porto velho,510419,498873,2.31
1078,changning,510275,489328,4.28
1079,mesa,509963,497275,1.26
1080,matsuyama,509958,511745,-0.35
1081,angeles city,509765,489068,4.23
1082,rustenburg,509368,485087,5.01
1083,gombe,508575,488715,4.06
1084,gaoyou,507934,488387,4
1085,kansas city,507652,494536,1.31
1086,yanshi,507643,482460,5.22
1087,kikwit,507462,489903,3.58
1088,lipetsk,507291,508968,-0.33
1089,al mukalla,506356,476632,6.24
1090,cheboksary,505870,502323,0.71
1091,bournemouth,505687,501288,0.88
1092,laixi,505117,486767,3.77
1093,mataram,505024,493946,2.24
1094,karaganda,504946,505426,-0.09
1095,miami,504439,479009,2.59
1096,muzaffarpur,504158,492089,2.45
1097,el djelfa,503397,479240,5.04
1098,colorado springs,503365,484233,1.94
1099,nakhon pathom,503271,487303,3.28
1100,shuangyashan,503179,499964,0.64
1101,kuantan,502866,491303,2.35
1102,khon kaen,502594,495842,1.36
1103,tanta,501423,495344,1.23
1104,chuxiong,500867,481012,4.13
1105,douai lens,500776,501078,-0.06
1106,ziyang,500094,485973,2.91
1107,murcia,499783,494441,1.08
1108,berbera,499396,477672,4.55
1109,chisinau,499034,504342,-1.05
1110,jinjiang,498294,486776,2.37
1111,eslamshahr,498261,484903,2.75
1112,kandahar,498002,484812,2.72
1113,loum,497578,471646,5.5
1114,malatya,496002,488023,1.63
1115,surat thani,495968,489305,1.36
1116,ubon ratchathani,495308,488819,1.33
1117,kolwezi,494654,490072,0.93
1118,raleigh,494612,476746,1.84
1119,hosur,493896,458264,7.78
1120,tirana,493712,484624,1.88
1121,arusha,492919,482609,2.14
1122,zhongxiang,491713,485472,1.29
1123,nanping,491287,482045,1.92
1124,changge,490123,464481,5.52
1125,zinder,489178,463523,5.53
1126,jingmen,488922,478600,2.16
1127,xingning,487815,461404,5.72
1128,jianyang,487133,473228,2.94
1129,beihai,486986,483658,0.69
1130,macapa,486424,476431,2.1
1131,mbouda,485660,455304,6.67
1132,chaohu,485120,475960,1.92
1133,mykolaiv,484659,486559,-0.39
1134,guang an,484324,464647,4.23
1135,brescia,483865,480543,0.69
1136,caxias do sul,483770,478177,1.17
1137,la serena coquimbo,483640,472832,2.29
1138,port sudan,483510,474712,1.85
1139,barisal,483506,467491,3.43
1140,changyi,482027,458433,5.15
1141,rupganj,481718,441158,9.19
1142,el obeid,481350,468125,2.83
1143,como,480879,477767,0.65
1144,kenitra,480038,471211,1.87
1145,ado ekiti,479674,462757,3.66
1146,latur,479399,468613,2.3
1147,oita,479259,479878,-0.13
1148,bhagalpur,479101,471682,1.57
1149,cardiff,477627,474187,0.73
1150,purnia,477567,457972,4.28
1151,petrolina,477235,468101,1.95
1152,cagliari,476265,476131,0.03
1153,kurashiki,475975,477023,-0.22
1154,orizaba,475360,470152,1.11
1155,seremban,474691,465110,2.06
1156,piura,474358,467302,1.51
1157,yongcheng,473513,456441,3.74
1158,tula,473159,477113,-0.83
1159,blida,472733,459523,2.87
1160,iloilo city,471789,466456,1.14
1161,kut,471238,463525,1.66
1162,kismaayo,471134,451682,4.31
1163,san cristobal,471046,465944,1.09
1164,cusco,470720,461407,2.02
1165,lapu lapu city,470050,457077,2.84
1166,rouen,470004,469230,0.16
1167,iquitos,469582,462358,1.56
1168,katsina,469557,453255,3.6
1169,avignon,469504,466954,0.55
1170,begusarai,467632,440122,6.25
1171,zanjan,467460,457666,2.14
1172,palma,467005,461196,1.26
1173,xuancheng,466755,449011,3.95
1174,rohtak,466576,456267,2.26
1175,gent,466412,463257,0.68
1176,kanazawa,466219,466930,-0.15
1177,zhuanghe,465761,446690,4.27
1178,kabinda,465599,430934,8.04
1179,gdansk,465475,465142,0.07
1180,fukuyama,465446,466133,-0.15
1181,long beach,464894,467512,-0.28
1182,kursk,464731,461303,0.74
1183,okene,464573,451807,2.83
1184,rahim yar khan,463949,450973,2.88
1185,montpellier,462162,456199,1.31
1186,juazeiro do norte,461342,453798,1.66
1187,asyut,460998,455450,1.22
1188,taranto,460246,460481,-0.05
1189,mymensingh,459983,452940,1.55
1190,wafangdian,459825,454334,1.21
1191,yuhuan,459707,447375,2.76
1192,shillong,459698,447867,2.64
1193,gaoan,459240,439821,4.42
1194,fuan,459059,443697,3.46
1195,chizhou,458420,438219,4.61
1196,kelamayi,457422,445576,2.66
1197,canberra,457330,452497,1.07
1198,virginia beach,455594,454098,0.16
1199,mazatlan,454733,446999,1.73
1200,liyang,454339,444577,2.2
1201,witbank,454301,437742,3.78
1202,omaha,453758,450364,0.38
1203,buri ram,453747,447651,1.36
1204,irapuato,452605,445026,1.7
1205,igbidu,452583,441292,2.56
1206,ramadi,452226,444824,1.66
1207,bhilwara,452209,441830,2.35
1208,guarenas guatire,451542,440983,2.39
1209,buenaventura,451498,442535,2.03
1210,campos dos goytacazes,451055,448606,0.55
1211,dera ghazikhan,450809,435325,3.56
1212,akola,450707,447742,0.66
1213,banjul,450689,443428,1.64
1214,yamunanagar,450564,443111,1.68
1215,xinzhu,450520,446746,0.84
1216,newcastle,450360,447446,0.65
1217,stavropol,450094,446408,0.83
1218,sochi,450024,440238,2.22
1219,lampang,449481,443442,1.36
1220,anantapur,448883,436621,2.81
1221,latina,448839,443504,1.2
1222,fengcheng,448073,440268,1.77
1223,manizales,448035,446250,0.4
1224,minna,447959,434120,3.19
1225,nuevo laredo,446724,440071,1.51
1226,suizhou,445438,439317,1.39
1227,volta redonda,445226,444664,0.13
1228,sanandaj,444840,436232,1.97
1229,xinzheng,443992,431836,2.81
1230,ulan ude,443948,441470,0.56
1231,kadapa,443336,432260,2.56
1232,bayannaoer,443110,433048,2.32
1233,mbandaka,442989,428210,3.45
1234,manado,442889,438948,0.9
1235,andizhan,442863,437091,1.32
1236,zhangye,442604,437550,1.16
1237,lvliang,441843,418147,5.67
1238,gboko,441750,428289,3.14
1239,phra nakhon si ayutthaya,441273,435353,1.36
1240,pinghu,440963,422603,4.34
1241,roi et,440609,434690,1.36
1242,siheung,440381,437825,0.58
1243,hejian,440022,415546,5.89
1244,okpogho,439855,418795,5.03
1245,yogyakarta,439829,434082,1.32
1246,mariupol,439509,442491,-0.67
1247,sao jose do rio preto,439018,434237,1.1
1248,antofagasta,438871,432085,1.57
1249,santiago de cuba,437884,436764,0.26
1250,jhang,437774,430709,1.64
1251,sagar,437354,429906,1.73
1252,lop buri,437305,414837,5.42
1253,batman,437023,426699,2.42
1254,santiago del estero,435567,429215,1.48
1255,ji an jiangxi,435064,422883,2.88
1256,bratislava,434926,432508,0.56
1257,jurong,434797,418996,3.77
1258,toamasina,434398,411799,5.49
1259,yixing,432414,422798,2.27
1260,resistencia,432250,427259,1.17
1261,ondo,432222,419987,2.91
1262,santa rosa,432221,415715,3.97
1263,phuket,432216,426410,1.36
1264,aktyubinsk,431455,427530,0.92
1265,sahiwal,431413,418944,2.98
1266,erzurum,431275,422845,1.99
1267,windhoek,431171,417380,3.3
1268,yingde,430821,421293,2.26
1269,bern,429734,425951,0.89
1270,shanwei,429622,422815,1.61
1271,alwar,429275,419443,2.34
1272,oakland,428545,424275,0.5
1273,caserta,427896,426873,0.24
1274,minneapolis,427791,420721,0.83
1275,oyo,427581,415078,3.01
1276,english bazar,426793,413862,3.12
1277,monteria,426477,419227,1.73
1278,lobito,426310,413795,3.02
1279,potiskum,426253,398160,7.06
1280,rampur,425966,417430,2.04
1281,hardwar,425643,412486,3.19
1282,polokwane,425613,405592,4.94
1283,coventry,425566,418347,1.73
1284,chimoio,425069,406419,4.59
1285,tver,424733,424012,0.17
1286,tartus,424153,417342,1.63
1287,bafoussam,423982,411286,3.09
1288,uijeongbu,423624,423671,-0.01
1289,lishui zhejiang,422306,407415,3.65
1290,wah,422244,409670,3.07
1291,suihua,421817,415172,1.6
1292,tetouan,421247,413895,1.78
1293,pokhara,420735,402193,4.61
1294,magnitogorsk,420661,420719,-0.01
1295,salalah,420226,407176,3.21
1296,fangchenggang,420065,403484,4.11
1297,qazvin,420044,415232,1.16
1298,maringa,419993,413629,1.54
1299,takamatsu,419653,420594,-0.22
1300,gujrat,419492,410873,2.1
1301,salerno,419469,418887,0.14
1302,doha industrial area,418739,412502,1.51
1303,tongcheng,418418,400741,4.41
1304,cuenca,418372,409320,2.21
1305,vungtau,417824,405976,2.92
1306,korba,417807,411969,1.42
1307,nankang,417052,400186,4.21
1308,st catharines niagara,416049,414037,0.49
1309,jiyuan,415541,407158,2.06
1310,bata,415270,395403,5.02
1311,hechi,415022,401201,3.44
1312,wellington,414818,413012,0.44
1313,quelimane,414813,391667,5.91
1314,barddhaman,414308,406797,1.85
1315,nagasaki,414208,418003,-0.91
1316,qacentina,414011,415411,-0.34
1317,bijapur,413766,404092,2.39
1318,toyama,413444,415157,-0.41
1319,charleroi,413429,412389,0.25
1320,thu dau mot,413397,389097,6.25
1321,akesu,413258,398323,3.75
1322,halifax,412674,410816,0.45
1323,tieling,412264,408658,0.88
1324,tampa,411849,394507,2.15
1325,najran,410345,401685,2.16
1326,armenia,410130,406566,0.88
1327,colima,409948,401947,1.99
1328,gwagwalada,409916,377782,8.51
1329,dhule,409759,405876,0.96
1330,raniganj,409737,387165,5.83
1331,arlington,409724,401248,1.05
1332,al fayyum,409558,402237,1.82
1333,morogoro,408740,394649,3.57
1334,neuquen plottier cipolletti,408609,401423,1.79
1335,brahmapur,408412,402658,1.43
1336,elazig,408388,397756,2.67
1337,linzhou,408275,398445,2.47
1338,dire dawa,408096,390924,4.39
1339,belgorod,407941,404100,0.95
1340,corrientes,407725,402381,1.33
1341,rongcheng,407671,402440,1.3
1342,makurdi,407257,393124,3.6
1343,baharampur,407130,395456,2.95
1344,rangpur,406956,398869,2.03
1345,ratchaburi,405530,398058,1.88
1346,baiyin,404637,399613,1.26
1347,laibin,404239,394195,2.55
1348,ahmadnagar,404238,401368,0.72
1349,longchang,403680,390524,3.37
1350,juba,403215,385765,4.52
1351,tulsa,403030,403060,-0
1352,ivanovo,403021,404725,-0.42
1353,ciudad bolivar,402476,397347,1.29
1354,karnal,402417,391026,2.91
1355,las palmas gran canaria,401900,400921,0.24
1356,luhansk,401799,405210,-0.84
1357,bengkulu,401451,391360,2.58
1358,szczecin,401370,402405,-0.26
1359,xinyi,401139,393483,1.95
1360,piracicaba,401095,397375,0.94
1361,shengzhou,401022,394641,1.62
1362,minatitlan,401020,396191,1.22
1363,ha'il,400389,394225,1.56
1364,hue,400320,392487,2
1365,kaiping,399946,396277,0.93
1366,campina grande,399758,397208,0.64
1367,wuwei,399718,391935,1.99
1368,miyazaki,399446,400466,-0.25
1369,hami,398946,388890,2.59
1370,bryansk,398586,401345,-0.69
1371,new orleans,398523,395009,0.44
1372,christchurch,398520,396882,0.41
1373,huangshan,398406,385655,3.31
1374,meizhou,397834,392637,1.32
1375,montes claros,397815,393168,1.18
1376,general trias,397715,380043,4.65
1377,junagadh,397226,388543,2.23
1378,xingyang,396961,382096,3.89
1379,jingdezhen,396297,392195,1.05
1380,karimnagar,395334,384221,2.89
1381,coatzacoalcos,395130,390008,1.31
1382,mandaue city,394882,388007,1.77
1383,sevastopol,394676,391757,0.75
1384,botou,394574,378481,4.25
1385,laizhou,394174,391935,0.57
1386,khorramabad,394028,388403,1.45
1387,eldoret,394023,378107,4.21
1388,dhulian,393496,374638,5.03
1389,wichita,393270,391586,0.21
1390,changji,393243,383083,2.65
1391,cumana,393023,386417,1.71
1392,okara,392904,382485,2.72
1393,ajman,392066,385166,1.79
1394,bakersfield,391996,384188,1.01
1395,heshan,391932,379348,3.32
1396,al hasakah,390947,384669,1.63
1397,surgut,390259,382821,1.94
1398,matadi,389669,377964,3.1
1399,xingping,389645,370270,5.23
1400,gandhidham,389587,372592,4.56
1401,ruiru,389022,371518,4.71
1402,danzhou,388987,368100,5.67
1403,chimbote,388978,385293,0.96
1404,posadas,388782,381367,1.94
1405,pasto,388483,385844,0.68
1406,mogilev,388465,386864,0.41
1407,laiyang,387064,383415,0.95
1408,grodno,386787,382453,1.13
1409,binan,386751,375501,3
1410,gumi,386622,382642,1.04
1411,chitungwiza,386452,382081,1.14
1412,huancayo,386366,381946,1.16
1413,sikasso,386262,368368,4.86
1414,stoke on trent,386013,384377,0.43
1415,victoria,385999,382085,1.02
1416,dindigul,385742,375182,2.81
1417,enping,385670,368819,4.57
1418,ottappalam,385296,367420,4.87
1419,al quwaysimah,385288,371054,3.84
1420,lipa city,385246,374177,2.96
1421,anapolis,384679,379739,1.3
1422,kuala terengganu,384369,377989,1.69
1423,effon alaiye,383566,371499,3.25
1424,nakuru,383461,372710,2.88
1425,linqing,383372,378608,1.26
1426,port moresby,382516,374517,2.14
1427,ikot ekpene,382502,367222,4.16
1428,jiuquan,382363,367513,4.04
1429,dujiangyan,382169,374816,1.96
1430,kasur,381720,374769,1.85
1431,mardan,381220,374473,1.8
1432,manisa,381190,372041,2.46
1433,sakon nakhon,381084,375965,1.36
1434,barinas,380483,371411,2.44
1435,pingliang,380401,364817,4.27
1436,brno,378485,378288,0.05
1437,vitebsk,377966,376348,0.43
1438,nazret,377819,362407,4.25
1439,cleveland,377797,381803,-0.53
1440,thies,377286,367240,2.74
1441,cabuyao,377220,362813,3.97
1442,pescara,377134,375279,0.49
1443,saki,376254,358199,5.04
1444,bochum,375992,374027,0.53
1445,bauru,375733,372649,0.83
1446,aurora,375326,368518,0.92
1447,vinnitsa,375311,374838,0.13
1448,sandakan,375248,370732,1.22
1449,saint etienne,374879,374352,0.14
1450,liaoyuan,374789,374421,0.1
1451,shimoga,374643,368876,1.56
1452,xinzhou,374495,363682,2.97
1453,wad medani,374483,366211,2.26
1454,ife,374270,364593,2.65
1455,shahjahanpur,373738,370745,0.81
1456,treviso,373647,370129,0.95
1457,bihar sharif,373322,364812,2.33
1458,gongzhuling,373210,368947,1.16
1459,gaoping,372920,353290,5.56
1460,baguio city,372680,366805,1.6
1461,sanming,372443,367327,1.39
1462,ciudad obregon,372416,364607,2.14
1463,nagano,371971,373702,-0.46
1464,anand,371559,362161,2.59
1465,toyohashi,371026,372362,-0.36
1466,tete,370650,347486,6.67
1467,donggang,370168,361169,2.49
1468,rio branco,370129,364554,1.53
1469,alicante,369758,366449,0.9
1470,xingyi guizhou,369672,365509,1.14
1471,aizawl,369648,361112,2.36
1472,dashiqiao,368955,362676,1.73
1473,jilong,368947,369568,-0.17
1474,zacatecas,368616,362382,1.72
1475,takasaki,368559,369595,-0.28
1476,emeishan,368194,350258,5.12
1477,gorgan,367950,363199,1.31
1478,bathinda,367767,358541,2.57
1479,palakkad,367565,359287,2.3
1480,tarlac,367149,361804,1.48
1481,santipur,367014,358423,2.4
1482,ichalkaranji,366914,362298,1.27
1483,reggio emilia,366694,362825,1.07
1484,taraz,366386,365589,0.22
1485,birnin kebbi,366254,352169,4
1486,sivas,365766,357120,2.42
1487,alajuela,365584,347805,5.11
1488,qufu,365574,358427,1.99
1489,butuan,365112,359102,1.67
1490,luoding,364909,355776,2.57
1491,kassala,364024,357530,1.82
1492,shahriyar,363622,349165,4.14
1493,wanning,362912,345830,4.94
1494,iligan,362769,358310,1.24
1495,qidong,362526,350676,3.38
1496,ciudad victoria,362348,356299,1.7
1497,gondar,362314,347060,4.4
1498,tumkur,361148,354599,1.85
1499,san salvador de jujuy,361106,356237,1.37
1500,monclova,360876,356215,1.31
1501,yaan,360612,349167,3.28
1502,tours,360360,358911,0.4
1503,chanthaburi,360260,348820,3.28
1504,yunfu,359668,352748,1.96
1505,vladimir,359277,359050,0.06
1506,pohang,359226,357212,0.56
1507,parbhani,359015,353266,1.63
1508,eindhoven,358966,355889,0.86
1509,brest,358587,355160,0.96
1510,huixian,358553,347444,3.2
1511,san pedro,358418,351508,1.97
1512,az zaqazig,358378,354080,1.21
1513,annaba,358241,356220,0.57
1514,bethune,358084,357436,0.18
1515,anaheim,358063,354553,0.49
1516,parakou,357912,341690,4.75
1517,maunath bhanjan,357540,348680,2.54
1518,neiva,357215,355351,0.52
1519,chita,357079,354999,0.59
1520,ilesha,357052,343982,3.8
1521,al gadarif,356550,348090,2.43
1522,yushu,356496,347915,2.47
1523,wenchang,356073,344020,3.5
1524,yining,356001,349755,1.79
1525,huazhou,355837,345552,2.98
1526,antsirabe,355832,339289,4.88
1527,ranipet,355812,345387,3.02
1528,iwaki,355785,355328,0.13
1529,modena,355774,353609,0.61
1530,dewas,355513,348165,2.11
1531,zhuozhou,355461,344569,3.16
1532,kisumu,355089,344487,3.08
1533,batangas city,354667,349313,1.53
1534,sumquayit,354086,349636,1.27
1535,al ismailiyah,353957,349255,1.35
1536,rennes,353897,349759,1.18
1537,hisar,353859,348661,1.49
1538,roorkee,353570,340027,3.98
1539,hafar al batin,353380,347630,1.65
1540,wonsan,353043,350800,0.64
1541,songea,352781,330557,6.72
1542,macheng,352419,346693,1.65
1543,franca,351926,348666,0.93
1544,chandrapur,351869,348313,1.02
1545,dhamar,351039,333208,5.35
1546,darbhanga,350958,346184,1.38
1547,honolulu,350768,351280,-0.07
1548,xianning,350448,348750,0.49
1549,arkhangelsk,350200,351125,-0.26
1550,nizhny tagil,349705,351864,-0.61
1551,bilbao,349633,350873,-0.35
1552,deoghar,349481,331323,5.48
1553,ponta grossa,349363,345514,1.11
1554,wuppertal,349306,349786,-0.14
1555,shenmu,349271,341704,2.21
1556,wuchuan,348873,346557,0.67
1557,kaluga,348750,347502,0.36
1558,habra,348366,342978,1.57
1559,leping,348096,341072,2.06
1560,blumenau,347831,343103,1.38
1561,kota bharu,347673,343210,1.3
1562,zhaoyuan,347664,340179,2.2
1563,kaili,347563,339313,2.43
1564,bydgoszcz,347522,349375,-0.53
1565,rufisque,347295,334747,3.75
1566,izmit,347038,340262,1.99
1567,plovdiv,346563,345855,0.2
1568,faloojah,346522,340851,1.66
1569,morvi,346436,335587,3.23
1570,gwangmyeong,345890,344796,0.32
1571,garoua,345853,339404,1.9
1572,karur,345577,332499,3.93
1573,aswan,344989,338813,1.82
1574,ijebu ode,344676,334299,3.1
1575,farrukhabad,344412,338529,1.74
1576,boa vista,344307,338122,1.83
1577,yuanjiang,344057,336900,2.12
1578,merida,343834,340199,1.07
1579,cordoba,343719,343127,0.17
1580,kafr ad dawwar,343622,338222,1.6
1581,lengshuijiang,343568,331339,3.69
1582,thuqbah,343534,334870,2.59
1583,djougou,343419,331549,3.58
1584,satna,343415,336695,2
1585,jeju,343168,341650,0.44
1586,sarajevo,343089,342743,0.1
1587,anlu,342178,330012,3.69
1588,reading,342117,339408,0.8
1589,tehuacan,341956,337160,1.42
1590,temuco,341951,337934,1.19
1591,alor star,341779,333158,2.59
1592,tampere,341582,339479,0.62
1593,barletta,340980,340940,0.01
1594,ganca,340912,337987,0.87
1595,jalna,340662,334549,1.83
1596,heredia,340594,337381,0.95
1597,simferopol,340382,340717,-0.1
1598,ningguo,340375,324794,4.8
1599,sukabumi,340021,335404,1.38
1600,kanhangad,339695,326698,3.98
1601,acarigua aruare,338983,333320,1.7
1602,zhaotong,338946,329466,2.88
1603,makiivka,338827,341364,-0.74
1604,navsari,338788,332571,1.87
1605,khammam,338657,330051,2.61
1606,riverside,338490,331606,1.03
1607,nukus,338175,330685,2.26
1608,valenciennes,338077,337517,0.17
1609,suphan buri,337631,326994,3.25
1610,thanjavur,336972,331880,1.53
1611,manzhouli,336643,326537,3.09
1612,xuanwei,336549,323253,4.11
1613,jiayuguan,336493,322243,4.42
1614,lafia,336170,324903,3.47
1615,windsor,336082,334709,0.41
1616,wulanhaote,335437,328721,2.04
1617,pavlodar,335387,336720,-0.4
1618,varna,335068,335217,-0.04
1619,santa ana,335009,334613,0.06
1620,yanbu al bahr,334989,326675,2.55
1621,ensenada,334989,329152,1.77
1622,central coast,334922,333379,0.46
1623,lublin,334720,336382,-0.49
1624,bielefeld,334489,334518,-0.01
1625,ningde,334023,324722,2.86
1626,uberaba,333487,329657,1.16
1627,nizamabad,333462,330871,0.78
1628,lexington fayette,333177,325813,1.12
1629,baicheng,332826,327950,1.49
1630,songzi,332001,325125,2.11
1631,mannheim,331670,326536,1.57
1632,caruaru,331175,326561,1.41
1633,qods,331071,325284,1.78
1634,asahikawa,330904,333211,-0.69
1635,koriyama,330637,332136,-0.45
1636,corpus christi,330633,328183,0.37
1637,maebashi,330538,332205,-0.5
1638,zixing,330483,316928,4.28
1639,uruapan,329996,323058,2.15
1640,volzhsky,329977,329483,0.15
1641,westfalen,329913,326074,1.18
1642,shihezi,329750,327496,0.69
1643,fujin,329544,316047,4.27
1644,nha trang,329373,327081,0.7
1645,arrah,329370,321763,2.36
1646,batna,329333,324466,1.5
1647,khubar,329071,319717,2.93
1648,birkenhead,329045,328393,0.2
1649,smolensk,328887,329691,-0.24
1650,haldwani,328798,317599,3.53
1651,kashan,328630,322155,2.01
1652,zhangshu,328338,315204,4.17
1653,ust kamenogorsk,328200,328932,-0.22
1654,parma,328154,325925,0.68
1655,haiyang,328140,318588,3
1656,yakutsk,328086,323163,1.52
1657,cotabato,327985,321920,1.88
1658,san fernando,327808,323205,1.42
1659,vitoria da conquista,327672,322906,1.48
1660,tila al ali,327476,315070,3.94
1661,kharagpur,326809,323727,0.95
1662,sinuiju,326438,326120,0.1
1663,vicenza,326371,324335,0.63
1664,pelotas,326241,324791,0.45
1665,nola,325360,324302,0.33
1666,henderson,325341,309155,2.55
1667,podolsk,324216,318062,1.93
1668,safi,323906,320853,0.95
1669,baaqoobah,323796,313690,3.22
1670,dingzhou,323646,316147,2.37
1671,deir ez zor,323432,318239,1.63
1672,hailin,323336,317905,1.71
1673,ciudad del este,322000,318031,1.25
1674,saransk,321997,320608,0.43
1675,semipalatinsk,321351,322228,-0.27
1676,rushan,321112,314156,2.21
1677,long xuyen,321104,315095,1.91
1678,naha,320899,321175,-0.09
1679,sari,320829,317708,0.98
1680,kingston upon hull,320825,319883,0.29
1681,hapur,320713,314289,2.04
1682,tacna,320453,314566,1.87
1683,bonn,320194,320213,-0.01
1684,cirebon,320129,317251,0.91
1685,cherepovets,319917,320169,-0.08
1686,balikesir,319060,310369,2.8
1687,karlsruhe,318064,316236,0.58
1688,oruro,318022,310979,2.26
1689,iasi,317313,317507,-0.06
1690,rugao,317217,310422,2.19
1691,lamphun,317180,312920,1.36
1692,anning,317091,308554,2.77
1693,stockton,317088,312080,0.8
1694,vologda,316737,316274,0.15
1695,orel,316624,317683,-0.33
1696,ratlam,316365,311664,1.51
1697,bahia blanca,315533,313739,0.57
1698,gimhae,314440,313210,0.39
1699,cascavel,314244,310364,1.25
1700,jayapura,314205,307963,2.03
1701,st. paul,313878,308138,0.92
1702,kurgan,313542,316294,-0.87
1703,los mochis,313492,307482,1.95
1704,setif,313401,307703,1.85
1705,pekalongan,313275,309634,1.18
1706,taubate,312617,309172,1.11
1707,southend on sea,312328,310367,0.63
1708,samarra,311819,306716,1.66
1709,swansea,311408,310051,0.44
1710,camaguey,309741,308903,0.27
1711,cluj napoca,307851,307397,0.15
1712,lecco,307670,306107,0.51
1713,irvine,307318,286720,3.47
1714,akita,306977,309275,-0.74
1715,vigo,306853,306596,0.08
1716,timisoara,306736,306796,-0.02
1717,yangchun,305114,302743,0.78
1718,valladolid,305047,306657,-0.53
1719,kurume,304865,305335,-0.15
1720,orlando,303933,290553,2.25
1721,pittsburgh,302669,303147,-0.08
1722,vladikavkaz,302105,303891,-0.59
1723,aguadilla isabela san sebastian,299956,300568,-0.2
